rule_id,expected_severity,source_repo
python.aws-lambda.security.dangerous-asyncio-create-exec,high,semgrep/semgrep-rules:python/aws-lambda/security/dangerous-asyncio-create-exec.yaml
python.aws-lambda.security.dangerous-asyncio-exec,high,semgrep/semgrep-rules:python/aws-lambda/security/dangerous-asyncio-exec.yaml
python.aws-lambda.security.dangerous-asyncio-shell,high,semgrep/semgrep-rules:python/aws-lambda/security/dangerous-asyncio-shell.yaml
python.aws-lambda.security.dangerous-spawn-process,high,semgrep/semgrep-rules:python/aws-lambda/security/dangerous-spawn-process.yaml
python.aws-lambda.security.dangerous-subprocess-use,high,semgrep/semgrep-rules:python/aws-lambda/security/dangerous-subprocess-use.yaml
python.aws-lambda.security.dangerous-system-call,high,semgrep/semgrep-rules:python/aws-lambda/security/dangerous-system-call.yaml
python.aws-lambda.security.dynamodb-filter-injection,high,semgrep/semgrep-rules:python/aws-lambda/security/dynamodb-filter-injection.yaml
python.aws-lambda.security.mysql-sqli,medium,semgrep/semgrep-rules:python/aws-lambda/security/mysql-sqli.yaml
python.aws-lambda.security.psycopg-sqli,medium,semgrep/semgrep-rules:python/aws-lambda/security/psycopg-sqli.yaml
python.aws-lambda.security.pymssql-sqli,medium,semgrep/semgrep-rules:python/aws-lambda/security/pymssql-sqli.yaml
python.aws-lambda.security.pymysql-sqli,medium,semgrep/semgrep-rules:python/aws-lambda/security/pymysql-sqli.yaml
python.aws-lambda.security.sqlalchemy-sqli,medium,semgrep/semgrep-rules:python/aws-lambda/security/sqlalchemy-sqli.yaml
python.aws-lambda.security.tainted-code-exec,medium,semgrep/semgrep-rules:python/aws-lambda/security/tainted-code-exec.yaml
python.aws-lambda.security.tainted-html-response,medium,semgrep/semgrep-rules:python/aws-lambda/security/tainted-html-response.yaml
python.aws-lambda.security.tainted-html-string,medium,semgrep/semgrep-rules:python/aws-lambda/security/tainted-html-string.yaml
python.aws-lambda.security.tainted-pickle-deserialization,medium,semgrep/semgrep-rules:python/aws-lambda/security/tainted-pickle-deserialization.yaml
python.aws-lambda.security.tainted-sql-string,high,semgrep/semgrep-rules:python/aws-lambda/security/tainted-sql-string.yaml
python.boto3.security.hardcoded-token,medium,semgrep/semgrep-rules:python/boto3/security/hardcoded-token.yaml
python.cryptography.security.empty-aes-key,medium,semgrep/semgrep-rules:python/cryptography/security/empty-aes-key.yaml
python.cryptography.security.insecure-cipher-algorithm-arc4,medium,semgrep/semgrep-rules:python/cryptography/security/insecure-cipher-algorithms-arc4.yaml
python.cryptography.security.insecure-cipher-algorithm-blowfish,medium,semgrep/semgrep-rules:python/cryptography/security/insecure-cipher-algorithms-blowfish.yaml
python.cryptography.security.insecure-cipher-algorithm-idea,medium,semgrep/semgrep-rules:python/cryptography/security/insecure-cipher-algorithms.yaml
python.cryptography.security.insecure-hash-algorithm-md5,medium,semgrep/semgrep-rules:python/cryptography/security/insecure-hash-algorithms-md5.yaml
python.cryptography.security.insecure-hash-algorithm-sha1,medium,semgrep/semgrep-rules:python/cryptography/security/insecure-hash-algorithms.yaml
python.cryptography.security.insufficient-dsa-key-size,medium,semgrep/semgrep-rules:python/cryptography/security/insufficient-dsa-key-size.yaml
python.distributed.require-encryption,medium,semgrep/semgrep-rules:python/distributed/security.yaml
python.django.security.audit.avoid-insecure-deserialization,high,semgrep/semgrep-rules:python/django/security/audit/avoid-insecure-deserialization.yaml
python.django.security.audit.no-csrf-exempt,medium,semgrep/semgrep-rules:python/django/security/audit/csrf-exempt.yaml
python.django.security.hashids-with-django-secret,high,semgrep/semgrep-rules:python/django/security/hashids-with-django-secret.yaml
python.django.security.injection.code.user-eval,medium,semgrep/semgrep-rules:python/django/security/injection/code/user-eval.yaml
python.django.security.injection.code.user-eval-format-string,medium,semgrep/semgrep-rules:python/django/security/injection/code/user-eval-format-string.yaml
python.django.security.injection.code.user-exec,medium,semgrep/semgrep-rules:python/django/security/injection/code/user-exec.yaml
python.django.security.injection.code.user-exec-format-string,medium,semgrep/semgrep-rules:python/django/security/injection/code/user-exec-format-string.yaml
python.django.security.injection.command.command-injection-os-system,high,semgrep/semgrep-rules:python/django/security/injection/command/command-injection-os-system.yaml
python.django.security.injection.command.subprocess-injection,high,semgrep/semgrep-rules:python/django/security/injection/command/subprocess-injection.yaml
python.django.security.injection.csv-writer-injection,high,semgrep/semgrep-rules:python/django/security/injection/csv-writer-injection.yaml
python.django.security.injection.email.xss-html-email-body,medium,semgrep/semgrep-rules:python/django/security/injection/email/xss-html-email-body.yaml
python.django.security.injection.email.xss-send-mail-html-message,medium,semgrep/semgrep-rules:python/django/security/injection/email/xss-send-mail-html-message.yaml
python.django.security.injection.open-redirect,medium,semgrep/semgrep-rules:python/django/security/injection/open-redirect.yaml
python.django.security.injection.path-traversal.path-traversal-file-name,medium,semgrep/semgrep-rules:python/django/security/injection/path-traversal/path-traversal-file-name.yaml
python.django.security.injection.path-traversal.path-traversal-open,medium,semgrep/semgrep-rules:python/django/security/injection/path-traversal/path-traversal-open.yaml
python.django.security.injection.raw-html-format,medium,semgrep/semgrep-rules:python/django/security/injection/raw-html-format.yaml
python.django.security.injection.reflected-data-httpresponse,medium,semgrep/semgrep-rules:python/django/security/injection/reflected-data-httpresponse.yaml
python.django.security.injection.reflected-data-httpresponsebadrequest,medium,semgrep/semgrep-rules:python/django/security/injection/reflected-data-httpresponsebadrequest.yaml
python.django.security.injection.request-data-fileresponse,medium,semgrep/semgrep-rules:python/django/security/injection/request-data-fileresponse.yaml
python.django.security.injection.request-data-write,medium,semgrep/semgrep-rules:python/django/security/injection/request-data-write.yaml
python.django.security.injection.sql.sql-injection-db-cursor-execute,medium,semgrep/semgrep-rules:python/django/security/injection/sql/sql-injection-using-db-cursor-execute.yaml
python.django.security.injection.sql.sql-injection-using-extra-where,medium,semgrep/semgrep-rules:python/django/security/injection/sql/sql-injection-extra.yaml
python.django.security.injection.sql.sql-injection-using-raw,medium,semgrep/semgrep-rules:python/django/security/injection/sql/sql-injection-using-raw.yaml
python.django.security.injection.sql.sql-injection-using-rawsql,medium,semgrep/semgrep-rules:python/django/security/injection/sql/sql-injection-rawsql.yaml
python.django.security.injection.ssrf.ssrf-injection-requests,high,semgrep/semgrep-rules:python/django/security/injection/ssrf/ssrf-injection-requests.yaml
python.django.security.injection.ssrf.ssrf-injection-urllib,high,semgrep/semgrep-rules:python/django/security/injection/ssrf/ssrf-injection-urllib.yaml
python.django.security.nan-injection,high,semgrep/semgrep-rules:python/django/security/nan-injection.yaml
python.django.security.passwords.password-empty-string,high,semgrep/semgrep-rules:python/django/security/passwords/password-empty-string.yaml
python.django.security.passwords.use-none-for-password-default,high,semgrep/semgrep-rules:python/django/security/passwords/use-none-for-password-default.yaml
python.fastapi.security.wildcard-cors,medium,semgrep/semgrep-rules:python/fastapi/security/wildcard-cors.yaml
python.flask.security.audit.avoid_app_run_with_bad_host,medium,semgrep/semgrep-rules:python/flask/security/audit/app-run-param-config.yaml
python.flask.security.audit.avoid_using_app_run_directly,medium,semgrep/semgrep-rules:python/flask/security/audit/app-run-security-config.yaml
python.flask.security.audit.debug-enabled,medium,semgrep/semgrep-rules:python/flask/security/audit/debug-enabled.yaml
python.flask.security.audit.directly-returned-format-string,medium,semgrep/semgrep-rules:python/flask/security/audit/directly-returned-format-string.yaml
python.flask.security.audit.flask-url-for-external-true,medium,semgrep/semgrep-rules:python/flask/security/audit/flask-url-for-external-true.yaml
python.flask.security.hashids-with-flask-secret,high,semgrep/semgrep-rules:python/flask/security/hashids-with-flask-secret.yaml
python.flask.security.injection.csv-writer-injection,high,semgrep/semgrep-rules:python/flask/security/injection/csv-writer-injection.yaml
python.flask.security.injection.eval-injection,high,semgrep/semgrep-rules:python/flask/security/injection/user-eval.yaml
python.flask.security.injection.exec-injection,high,semgrep/semgrep-rules:python/flask/security/injection/user-exec.yaml
python.flask.security.injection.nan-injection,high,semgrep/semgrep-rules:python/flask/security/injection/nan-injection.yaml
python.flask.security.injection.raw-html-format,medium,semgrep/semgrep-rules:python/flask/security/injection/raw-html-concat.yaml
python.flask.security.injection.ssrf-requests,high,semgrep/semgrep-rules:python/flask/security/injection/ssrf-requests.yaml
python.flask.security.injection.subprocess-injection,high,semgrep/semgrep-rules:python/flask/security/injection/subprocess-injection.yaml
python.flask.security.injection.tainted-sql-string,high,semgrep/semgrep-rules:python/flask/security/injection/tainted-sql-string.yaml
python.flask.security.injection.tainted-url-host,medium,semgrep/semgrep-rules:python/flask/security/injection/tainted-url-host.yaml
python.jinja2.security.audit.incorrect-autoescape-disabled,medium,semgrep/semgrep-rules:python/jinja2/security/audit/autoescape-disabled-false.yaml
python.jinja2.security.audit.missing-autoescape-disabled,medium,semgrep/semgrep-rules:python/jinja2/security/audit/missing-autoescape-disabled.yaml
python.jwt.security.jwt-python-hardcoded-secret,high,semgrep/semgrep-rules:python/jwt/security/jwt-hardcode.yaml
python.jwt.security.jwt-python-none-alg,high,semgrep/semgrep-rules:python/jwt/security/jwt-none-alg.yaml
python.lang.security.audit.dangerous-asyncio-create-exec-tainted-env-args,high,semgrep/semgrep-rules:python/lang/security/audit/dangerous-asyncio-create-exec-tainted-env-args.yaml
python.lang.security.audit.dangerous-asyncio-exec-tainted-env-args,high,semgrep/semgrep-rules:python/lang/security/audit/dangerous-asyncio-exec-tainted-env-args.yaml
python.lang.security.audit.dangerous-asyncio-shell-tainted-env-args,high,semgrep/semgrep-rules:python/lang/security/audit/dangerous-asyncio-shell-tainted-env-args.yaml
python.lang.security.audit.dangerous-interactive-code-run-tainted-env-args,medium,semgrep/semgrep-rules:python/lang/security/audit/dangerous-code-run-tainted-env-args.yaml
python.lang.security.audit.dangerous-os-exec-tainted-env-args,high,semgrep/semgrep-rules:python/lang/security/audit/dangerous-os-exec-tainted-env-args.yaml
python.lang.security.audit.dangerous-spawn-process-tainted-env-args,high,semgrep/semgrep-rules:python/lang/security/audit/dangerous-spawn-process-tainted-env-args.yaml
python.lang.security.audit.dangerous-subinterpreters-run-string-tainted-env-args,medium,semgrep/semgrep-rules:python/lang/security/audit/dangerous-subinterpreters-run-string-tainted-env-args.yaml
python.lang.security.audit.dangerous-subprocess-use-tainted-env-args,high,semgrep/semgrep-rules:python/lang/security/audit/dangerous-subprocess-use-tainted-env-args.yaml
python.lang.security.audit.dangerous-system-call-tainted-env-args,high,semgrep/semgrep-rules:python/lang/security/audit/dangerous-system-call-tainted-env-args.yaml
python.lang.security.audit.dangerous-testcapi-run-in-subinterp-tainted-env-args,medium,semgrep/semgrep-rules:python/lang/security/audit/dangerous-testcapi-run-in-subinterp-tainted-env-args.yaml
python.lang.security.audit.insecure-file-permissions,medium,semgrep/semgrep-rules:python/lang/security/audit/insecure-file-permissions.yaml
python.lang.security.audit.logging.python-logger-credential-disclosure,medium,semgrep/semgrep-rules:python/lang/security/audit/logging/logger-credential-leak.yaml
python.lang.security.audit.md5-used-as-password,medium,semgrep/semgrep-rules:python/lang/security/audit/md5-used-as-password.yaml
python.lang.security.audit.network.avoid-bind-to-all-interfaces,low,semgrep/semgrep-rules:python/lang/security/audit/network/bind.yaml
python.lang.security.audit.network.disabled-cert-validation,high,semgrep/semgrep-rules:python/lang/security/audit/network/disabled-cert-validation.yaml
python.lang.security.audit.regex_dos,medium,semgrep/semgrep-rules:python/lang/security/audit/regex-dos.yaml
python.lang.security.audit.sha224-hash,medium,semgrep/semgrep-rules:python/lang/security/audit/sha224-hash.yaml
python.lang.security.audit.ssl-wrap-socket-is-deprecated,medium,semgrep/semgrep-rules:python/lang/security/audit/ssl-wrap-socket-is-deprecated.yaml
python.lang.security.audit.subprocess-shell-true,high,semgrep/semgrep-rules:python/lang/security/audit/subprocess-shell-true.yaml
python.lang.security.dangerous-interactive-code-run,medium,semgrep/semgrep-rules:python/lang/security/dangerous-code-run.yaml
python.lang.security.dangerous-os-exec,high,semgrep/semgrep-rules:python/lang/security/dangerous-os-exec.yaml
python.lang.security.dangerous-spawn-process,high,semgrep/semgrep-rules:python/lang/security/dangerous-spawn-process.yaml
python.lang.security.dangerous-subinterpreters-run-string,medium,semgrep/semgrep-rules:python/lang/security/dangerous-subinterpreters-run-string.yaml
python.lang.security.dangerous-subprocess-use,high,semgrep/semgrep-rules:python/lang/security/dangerous-subprocess-use.yaml
python.lang.security.dangerous-system-call,high,semgrep/semgrep-rules:python/lang/security/dangerous-system-call.yaml
python.lang.security.dangerous-testcapi-run-in-subinterp,medium,semgrep/semgrep-rules:python/lang/security/dangerous-testcapi-run-in-subinterp.yaml
python.lang.security.insecure-hash-algorithm-md5,medium,semgrep/semgrep-rules:python/lang/security/insecure-hash-algorithms-md5.yaml
python.lang.security.insecure-hash-algorithm-sha1,medium,semgrep/semgrep-rules:python/lang/security/insecure-hash-algorithms.yaml
python.lang.security.use-defused-xml-parse,high,semgrep/semgrep-rules:python/lang/security/use-defused-xml-parse.yaml
python.pycryptodome.security.crypto-mode-without-authentication,high,semgrep/semgrep-rules:python/pycryptodome/security/mode-without-authentication.yaml
python.pycryptodome.security.insecure-cipher-algorithm-blowfish,medium,semgrep/semgrep-rules:python/pycryptodome/security/insecure-cipher-algorithm-blowfish.yaml
python.pycryptodome.security.insecure-cipher-algorithm-des,medium,semgrep/semgrep-rules:python/pycryptodome/security/insecure-cipher-algorithm-des.yaml
python.pycryptodome.security.insecure-cipher-algorithm-rc2,medium,semgrep/semgrep-rules:python/pycryptodome/security/insecure-cipher-algorithm-rc2.yaml
python.pycryptodome.security.insecure-cipher-algorithm-rc4,medium,semgrep/semgrep-rules:python/pycryptodome/security/insecure-cipher-algorithm-rc4.yaml
python.pycryptodome.security.insecure-cipher-algorithm-xor,medium,semgrep/semgrep-rules:python/pycryptodome/security/insecure-cipher-algorithm.yaml
python.pycryptodome.security.insecure-hash-algorithm-md2,medium,semgrep/semgrep-rules:python/pycryptodome/security/insecure-hash-algorithm-md2.yaml
python.pycryptodome.security.insecure-hash-algorithm-md4,medium,semgrep/semgrep-rules:python/pycryptodome/security/insecure-hash-algorithm-md4.yaml
python.pycryptodome.security.insecure-hash-algorithm-md5,medium,semgrep/semgrep-rules:python/pycryptodome/security/insecure-hash-algorithm-md5.yaml
python.pycryptodome.security.insecure-hash-algorithm-sha1,medium,semgrep/semgrep-rules:python/pycryptodome/security/insecure-hash-algorithm.yaml
python.pycryptodome.security.insufficient-dsa-key-size,medium,semgrep/semgrep-rules:python/pycryptodome/security/insufficient-dsa-key-size.yaml
python.pycryptodome.security.insufficient-rsa-key-size,medium,semgrep/semgrep-rules:python/pycryptodome/security/insufficient-rsa-key-size.yaml
python.pymongo.security.mongo-client-bad-auth,medium,semgrep/semgrep-rules:python/pymongo/security/mongodb.yaml
python.pyramid.audit.pyramid-authtkt-cookie-httponly-unsafe-default,medium,semgrep/semgrep-rules:python/pyramid/audit/authtkt-cookie-httponly-unsafe-default.yaml
python.pyramid.audit.pyramid-authtkt-cookie-httponly-unsafe-value,medium,semgrep/semgrep-rules:python/pyramid/audit/authtkt-cookie-httponly-unsafe-value.yaml
python.pyramid.audit.pyramid-authtkt-cookie-samesite,medium,semgrep/semgrep-rules:python/pyramid/audit/authtkt-cookie-samesite.yaml
python.pyramid.audit.pyramid-authtkt-cookie-secure-unsafe-default,medium,semgrep/semgrep-rules:python/pyramid/audit/authtkt-cookie-secure-unsafe-default.yaml
python.pyramid.audit.pyramid-authtkt-cookie-secure-unsafe-value,medium,semgrep/semgrep-rules:python/pyramid/audit/authtkt-cookie-secure-unsafe-value.yaml
python.pyramid.audit.pyramid-csrf-origin-check-disabled,medium,semgrep/semgrep-rules:python/pyramid/audit/csrf-origin-check-disabled.yaml
python.pyramid.audit.pyramid-csrf-origin-check-disabled-globally,high,semgrep/semgrep-rules:python/pyramid/audit/csrf-origin-check-disabled-globally.yaml
python.pyramid.audit.pyramid-set-cookie-httponly-unsafe-default,medium,semgrep/semgrep-rules:python/pyramid/audit/set-cookie-httponly-unsafe-default.yaml
python.pyramid.audit.pyramid-set-cookie-httponly-unsafe-value,medium,semgrep/semgrep-rules:python/pyramid/audit/set-cookie-httponly-unsafe-value.yaml
python.pyramid.audit.pyramid-set-cookie-samesite-unsafe-default,medium,semgrep/semgrep-rules:python/pyramid/audit/set-cookie-samesite-unsafe-default.yaml
python.pyramid.audit.pyramid-set-cookie-samesite-unsafe-value,medium,semgrep/semgrep-rules:python/pyramid/audit/set-cookie-samesite-unsafe-value.yaml
python.pyramid.audit.pyramid-set-cookie-secure-unsafe-default,medium,semgrep/semgrep-rules:python/pyramid/audit/set-cookie-secure-unsafe-default.yaml
python.pyramid.audit.pyramid-set-cookie-secure-unsafe-value,medium,semgrep/semgrep-rules:python/pyramid/audit/set-cookie-secure-unsafe-value.yaml
python.pyramid.security.pyramid-csrf-check-disabled-globally,high,semgrep/semgrep-rules:python/pyramid/security/csrf-check-disabled-globally.yaml
python.pyramid.security.pyramid-direct-use-of-response,high,semgrep/semgrep-rules:python/pyramid/security/direct-use-of-response.yaml
python.pyramid.security.pyramid-sqlalchemy-sql-injection,high,semgrep/semgrep-rules:python/pyramid/security/sqlalchemy-sql-injection.yaml
python.sqlalchemy.security.sqlalchemy-sql-injection,medium,semgrep/semgrep-rules:python/sqlalchemy/security/sqlalchemy-sql-injection.yaml
python.twilio.security.twiml-injection,medium,semgrep/semgrep-rules:python/twilio/security/twiml-injection.yaml
javascript.angular.security.detect-angular-element-methods,low,semgrep/semgrep-rules:javascript/angular/security/detect-angular-element-methods.yaml
javascript.angular.security.detect-angular-element-taint,medium,semgrep/semgrep-rules:javascript/angular/security/detect-angular-element-taint.yaml
javascript.angular.security.detect-angular-sce-disabled,high,semgrep/semgrep-rules:javascript/angular/security/detect-angular-sce-disabled.yaml
javascript.angular.security.detect-angular-trust-as-method,medium,semgrep/semgrep-rules:javascript/angular/security/detect-angular-trust-as-method.yaml
javascript.argon2.security.unsafe-argon2-config,medium,semgrep/semgrep-rules:javascript/argon2/security/unsafe-argon2-config.yaml
javascript.aws-lambda.security.detect-child-process,high,semgrep/semgrep-rules:javascript/aws-lambda/security/detect-child-process.yaml
javascript.aws-lambda.security.dynamodb-request-object,high,semgrep/semgrep-rules:javascript/aws-lambda/security/dynamodb-request-object.yaml
javascript.aws-lambda.security.knex-sqli,medium,semgrep/semgrep-rules:javascript/aws-lambda/security/knex-sqli.yaml
javascript.aws-lambda.security.mysql-sqli,medium,semgrep/semgrep-rules:javascript/aws-lambda/security/mysql-sqli.yaml
javascript.aws-lambda.security.pg-sqli,medium,semgrep/semgrep-rules:javascript/aws-lambda/security/pg-sqli.yaml
javascript.aws-lambda.security.sequelize-sqli,medium,semgrep/semgrep-rules:javascript/aws-lambda/security/sequelize-sqli.yaml
javascript.aws-lambda.security.tainted-eval,medium,semgrep/semgrep-rules:javascript/aws-lambda/security/tainted-eval.yaml
javascript.aws-lambda.security.tainted-html-response,medium,semgrep/semgrep-rules:javascript/aws-lambda/security/tainted-html-response.yaml
javascript.aws-lambda.security.tainted-html-string,medium,semgrep/semgrep-rules:javascript/aws-lambda/security/tainted-html-string.yaml
javascript.aws-lambda.security.tainted-sql-string,high,semgrep/semgrep-rules:javascript/aws-lambda/security/tainted-sql-string.yaml
javascript.aws-lambda.security.vm-runincontext-injection,high,semgrep/semgrep-rules:javascript/aws-lambda/security/vm-runincontext-injection.yaml
javascript.bluebird.security.audit.tofastproperties-code-execution,medium,semgrep/semgrep-rules:javascript/bluebird/security/audit/tofastproperties-code-execution.yaml
javascript.browser.security.js-open-redirect,medium,semgrep/semgrep-rules:javascript/browser/security/open-redirect.yaml
javascript.browser.security.js-open-redirect-from-function,low,semgrep/semgrep-rules:javascript/browser/security/open-redirect-from-function.yaml
javascript.browser.security.raw-html-concat,medium,semgrep/semgrep-rules:javascript/browser/security/raw-html-concat.yaml
javascript.chrome-remote-interface.security.audit.chrome-remote-interface-compilescript-injection,medium,semgrep/semgrep-rules:javascript/chrome-remote-interface/security/audit/chrome-remote-interface-compilescript-injection.yaml
javascript.deno.security.audit.deno-dangerous-run,high,semgrep/semgrep-rules:javascript/deno/security/audit/deno-dangerous-run.yaml
javascript.express.security.audit.express-check-directory-listing,medium,semgrep/semgrep-rules:javascript/express/security/audit/express-check-directory-listing.yaml
javascript.express.security.audit.express-cookie-session-default-name,medium,semgrep/semgrep-rules:javascript/express/security/audit/express-cookie-settings.yaml
javascript.express.security.audit.express-cookie-session-no-domain,medium,semgrep/semgrep-rules:javascript/express/security/audit/express-cookie-settings.yaml
javascript.express.security.audit.express-cookie-session-no-expires,medium,semgrep/semgrep-rules:javascript/express/security/audit/express-cookie-settings.yaml
javascript.express.security.audit.express-cookie-session-no-httponly,medium,semgrep/semgrep-rules:javascript/express/security/audit/express-cookie-settings.yaml
javascript.express.security.audit.express-cookie-session-no-path,medium,semgrep/semgrep-rules:javascript/express/security/audit/express-cookie-settings.yaml
javascript.express.security.audit.express-cookie-session-no-secure,medium,semgrep/semgrep-rules:javascript/express/security/audit/express-cookie-settings.yaml
javascript.express.security.audit.express-jwt-not-revoked,medium,semgrep/semgrep-rules:javascript/express/security/audit/express-jwt-not-revoked.yaml
javascript.express.security.audit.express-libxml-noent,high,semgrep/semgrep-rules:javascript/express/security/audit/express-libxml-noent.yaml
javascript.express.security.audit.express-open-redirect,medium,semgrep/semgrep-rules:javascript/express/security/audit/express-open-redirect.yaml
javascript.express.security.audit.express-path-join-resolve-traversal,medium,semgrep/semgrep-rules:javascript/express/security/audit/express-path-join-resolve-traversal.yaml
javascript.express.security.audit.express-res-sendfile,medium,semgrep/semgrep-rules:javascript/express/security/audit/express-res-sendfile.yaml
javascript.express.security.audit.express-session-hardcoded-secret,medium,semgrep/semgrep-rules:javascript/express/security/audit/express-session-hardcoded-secret.yaml
javascript.express.security.audit.express-ssrf,medium,semgrep/semgrep-rules:javascript/express/security/audit/express-ssrf.yaml
javascript.express.security.audit.express-third-party-object-deserialization,medium,semgrep/semgrep-rules:javascript/express/security/audit/express-third-party-object-deserialization.yaml
javascript.express.security.audit.express-xml2json-xxe-event,medium,semgrep/semgrep-rules:javascript/express/security/audit/express-xml2json-xxe-event.yaml
javascript.express.security.audit.remote-property-injection,high,semgrep/semgrep-rules:javascript/express/security/audit/remote-property-injection.yaml
javascript.express.security.audit.res-render-injection,medium,semgrep/semgrep-rules:javascript/express/security/audit/res-render-injection.yaml
javascript.express.security.audit.xss.direct-response-write,medium,semgrep/semgrep-rules:javascript/express/security/audit/xss/direct-response-write.yaml
javascript.express.security.cors-misconfiguration,medium,semgrep/semgrep-rules:javascript/express/security/cors-misconfiguration.yaml
javascript.express.security.express-expat-xxe,high,semgrep/semgrep-rules:javascript/express/security/express-expat-xxe.yaml
javascript.express.security.express-insecure-template-usage,medium,semgrep/semgrep-rules:javascript/express/security/express-insecure-template-usage.yaml
javascript.express.security.express-jwt-hardcoded-secret,medium,semgrep/semgrep-rules:javascript/express/security/express-jwt-hardcoded-secret.yaml
javascript.express.security.express-phantom-injection,high,semgrep/semgrep-rules:javascript/express/security/express-phantom-injection.yaml
javascript.express.security.express-puppeteer-injection,high,semgrep/semgrep-rules:javascript/express/security/express-puppeteer-injection.yaml
javascript.express.security.express-sandbox-code-injection,high,semgrep/semgrep-rules:javascript/express/security/express-sandbox-injection.yaml
javascript.express.security.express-vm-injection,high,semgrep/semgrep-rules:javascript/express/security/express-vm-injection.yaml
javascript.express.security.express-vm2-injection,medium,semgrep/semgrep-rules:javascript/express/security/express-vm2-injection.yaml
javascript.express.security.express-wkhtmltoimage-injection,high,semgrep/semgrep-rules:javascript/express/security/express-wkhtml-injection.yaml
javascript.express.security.express-wkhtmltopdf-injection,high,semgrep/semgrep-rules:javascript/express/security/express-wkhtml-injection.yaml
javascript.express.security.express-xml2json-xxe,high,semgrep/semgrep-rules:javascript/express/security/express-xml2json-xxe.yaml
javascript.express.security.injection.raw-html-format,medium,semgrep/semgrep-rules:javascript/express/security/injection/raw-html-format.yaml
javascript.express.security.injection.tainted-sql-string,high,semgrep/semgrep-rules:javascript/express/security/injection/tainted-sql-string.yaml
javascript.express.security.require-request,high,semgrep/semgrep-rules:javascript/express/security/require-request.yaml
javascript.express.security.x-frame-options-misconfiguration,medium,semgrep/semgrep-rules:javascript/express/security/x-frame-options-misconfiguration.yaml
javascript.jose.security.hardcoded-jwt-secret,medium,semgrep/semgrep-rules:javascript/jose/security/jwt-hardcode.yaml
javascript.jose.security.jwt-none-alg,high,semgrep/semgrep-rules:javascript/jose/security/jwt-none-alg.yaml
javascript.jsonwebtoken.security.hardcoded-jwt-secret,medium,semgrep/semgrep-rules:javascript/jsonwebtoken/security/jwt-hardcode.yaml
javascript.jsonwebtoken.security.jwt-none-alg,high,semgrep/semgrep-rules:javascript/jsonwebtoken/security/jwt-none-alg.yaml
javascript.jwt-simple.security.jwt-simple-noverify,high,semgrep/semgrep-rules:javascript/jwt-simple/security/jwt-simple-noverify.yaml
javascript.lang.security.audit.code-string-concat,high,semgrep/semgrep-rules:javascript/lang/security/audit/code-string-concat.yaml
javascript.lang.security.audit.dangerous-spawn-shell,high,semgrep/semgrep-rules:javascript/lang/security/audit/dangerous-spawn-shell.yaml
javascript.lang.security.audit.detect-non-literal-fs-filename,medium,semgrep/semgrep-rules:javascript/lang/security/audit/detect-non-literal-fs-filename.yaml
javascript.lang.security.audit.detect-non-literal-regexp,medium,semgrep/semgrep-rules:javascript/lang/security/audit/detect-non-literal-regexp.yaml
javascript.lang.security.audit.detect-non-literal-require,medium,semgrep/semgrep-rules:javascript/lang/security/audit/detect-non-literal-require.yaml
javascript.lang.security.audit.detect-redos,medium,semgrep/semgrep-rules:javascript/lang/security/audit/detect-redos.yaml
javascript.lang.security.audit.md5-used-as-password,medium,semgrep/semgrep-rules:javascript/lang/security/audit/md5-used-as-password.yaml
javascript.lang.security.audit.path-traversal.path-join-resolve-traversal,medium,semgrep/semgrep-rules:javascript/lang/security/audit/path-traversal/path-join-resolve-traversal.yaml
javascript.lang.security.audit.sqli.node-knex-sqli,medium,semgrep/semgrep-rules:javascript/lang/security/audit/sqli/node-knex-sqli.yaml
javascript.lang.security.audit.sqli.node-mssql-sqli,medium,semgrep/semgrep-rules:javascript/lang/security/audit/sqli/node-mssql-sqli.yaml
javascript.lang.security.audit.sqli.node-mysql-sqli,medium,semgrep/semgrep-rules:javascript/lang/security/audit/sqli/node-mysql-sqli.yaml
javascript.lang.security.audit.sqli.node-postgres-sqli,medium,semgrep/semgrep-rules:javascript/lang/security/audit/sqli/node-postgres-sqli.yaml
javascript.lang.security.detect-eval-with-expression,medium,semgrep/semgrep-rules:javascript/lang/security/detect-eval-with-expression.yaml
javascript.lang.security.insecure-object-assign,medium,semgrep/semgrep-rules:javascript/lang/security/insecure-object-assign.yaml
javascript.node-crypto.security.aead-no-final,high,semgrep/semgrep-rules:javascript/node-crypto/security/aead-no-final.yaml
javascript.node-crypto.security.create-de-cipher-no-iv,high,semgrep/semgrep-rules:javascript/node-crypto/security/create-de-cipher-no-iv.yaml
javascript.node-crypto.security.gcm-no-tag-length,high,semgrep/semgrep-rules:javascript/node-crypto/security/gcm-no-tag-length.yaml
javascript.passport-jwt.security.hardcoded-passport-secret,medium,semgrep/semgrep-rules:javascript/passport-jwt/security/passport-hardcode.yaml
javascript.sequelize.security.audit.express-sequelize-injection,high,semgrep/semgrep-rules:javascript/sequelize/security/audit/sequelize-injection-express.yaml
typescript.angular.security.audit.angular-bypasssecuritytrust,medium,semgrep/semgrep-rules:typescript/angular/security/audit/angular-domsanitizer.yaml
typescript.react.security.audit.react-dangerouslysetinnerhtml,medium,semgrep/semgrep-rules:typescript/react/security/audit/react-dangerouslysetinnerhtml.yaml
typescript.react.security.audit.react-unsanitized-method,medium,semgrep/semgrep-rules:typescript/react/security/audit/react-unsanitized-method.yaml
typescript.react.security.audit.react-unsanitized-property,medium,semgrep/semgrep-rules:typescript/react/security/audit/react-unsanitized-property.yaml
typescript.react.security.react-insecure-request,high,semgrep/semgrep-rules:typescript/react/security/react-insecure-request.yaml
go.aws-lambda.security.database-sqli,medium,semgrep/semgrep-rules:go/aws-lambda/security/database-sqli.yaml
go.aws-lambda.security.tainted-sql-string,high,semgrep/semgrep-rules:go/aws-lambda/security/tainted-sql-string.yaml
go.gorm.security.audit.gorm-dangerous-method-usage,medium,semgrep/semgrep-rules:go/gorm/security/audit/gorm-dangerous-methods-usage.yaml
go.grpc.security.grpc-client-insecure-connection,high,semgrep/semgrep-rules:go/grpc/security/grpc-client-insecure-connection.yaml
go.grpc.security.grpc-server-insecure-connection,high,semgrep/semgrep-rules:go/grpc/security/grpc-server-insecure-connection.yaml
go.jwt-go.security.hardcoded-jwt-key,medium,semgrep/semgrep-rules:go/jwt-go/security/jwt.yaml
go.jwt-go.security.jwt-go-none-algorithm,high,semgrep/semgrep-rules:go/jwt-go/security/jwt-none-alg.yaml
go.lang.security.audit.crypto.math-random-used,medium,semgrep/semgrep-rules:go/lang/security/audit/crypto/math_random.yaml
go.lang.security.audit.crypto.missing-ssl-minversion,medium,semgrep/semgrep-rules:go/lang/security/audit/crypto/missing-ssl-minversion.yaml
go.lang.security.audit.crypto.sha224-hash,medium,semgrep/semgrep-rules:go/lang/security/audit/crypto/sha224-hash.yaml
go.lang.security.audit.crypto.ssl-v3-is-insecure,medium,semgrep/semgrep-rules:go/lang/security/audit/crypto/ssl.yaml
go.lang.security.audit.crypto.tls-with-insecure-cipher,medium,semgrep/semgrep-rules:go/lang/security/audit/crypto/tls.yaml
go.lang.security.audit.crypto.use-of-DES,medium,semgrep/semgrep-rules:go/lang/security/audit/crypto/use_of_weak_crypto.yaml
go.lang.security.audit.crypto.use-of-md5,medium,semgrep/semgrep-rules:go/lang/security/audit/crypto/use_of_weak_crypto.yaml
go.lang.security.audit.crypto.use-of-rc4,medium,semgrep/semgrep-rules:go/lang/security/audit/crypto/use_of_weak_crypto.yaml
go.lang.security.audit.crypto.use-of-sha1,medium,semgrep/semgrep-rules:go/lang/security/audit/crypto/use_of_weak_crypto.yaml
go.lang.security.audit.crypto.use-of-weak-rsa-key,medium,semgrep/semgrep-rules:go/lang/security/audit/crypto/use_of_weak_rsa_key.yaml
go.lang.security.audit.md5-used-as-password,medium,semgrep/semgrep-rules:go/lang/security/audit/md5-used-as-password.yaml
go.lang.security.audit.net.avoid-bind-to-all-interfaces,medium,semgrep/semgrep-rules:go/lang/security/audit/net/bind_all.yaml
go.lang.security.audit.net.cookie-missing-httponly,medium,semgrep/semgrep-rules:go/lang/security/audit/net/cookie-missing-httponly.yaml
go.lang.security.audit.net.cookie-missing-secure,medium,semgrep/semgrep-rules:go/lang/security/audit/net/cookie-missing-secure.yaml
go.lang.security.audit.net.dynamic-httptrace-clienttrace,medium,semgrep/semgrep-rules:go/lang/security/audit/net/dynamic-httptrace-clienttrace.yaml
go.lang.security.audit.net.fs-directory-listing,medium,semgrep/semgrep-rules:go/lang/security/audit/net/fs-directory-listing.yaml
go.lang.security.audit.net.wip-xss-using-responsewriter-and-printf,medium,semgrep/semgrep-rules:go/lang/security/audit/net/wip-xss-using-responsewriter-and-printf.yaml
go.lang.security.audit.sqli.gosql-sqli,high,semgrep/semgrep-rules:go/lang/security/audit/sqli/gosql-sqli.yaml
go.lang.security.audit.sqli.pg-orm-sqli,high,semgrep/semgrep-rules:go/lang/security/audit/sqli/pg-orm-sqli.yaml
go.lang.security.audit.sqli.pg-sqli,high,semgrep/semgrep-rules:go/lang/security/audit/sqli/pg-sqli.yaml
go.lang.security.audit.sqli.pgx-sqli,high,semgrep/semgrep-rules:go/lang/security/audit/sqli/pgx-sqli.yaml
go.lang.security.deserialization.go-unsafe-deserialization-interface,medium,semgrep/semgrep-rules:go/lang/security/deserialization/unsafe-deserialization-interface.yaml
go.lang.security.filepath-clean-misuse,high,semgrep/semgrep-rules:go/lang/security/filepath-clean-misuse.yaml
go.lang.security.injection.open-redirect,medium,semgrep/semgrep-rules:go/lang/security/injection/open-redirect.yaml
go.lang.security.injection.raw-html-format,medium,semgrep/semgrep-rules:go/lang/security/injection/raw-html-format.yaml
go.lang.security.injection.tainted-sql-string,high,semgrep/semgrep-rules:go/lang/security/injection/tainted-sql-string.yaml
go.lang.security.injection.tainted-url-host,medium,semgrep/semgrep-rules:go/lang/security/injection/tainted-url-host.yaml
go.template.security.go-ssti,high,semgrep/semgrep-rules:go/template/security/ssti.yaml
terraform.aws.security.aws-cloudwatch-log-group-no-retention,medium,semgrep/semgrep-rules:terraform/aws/security/aws-cloudwatch-log-group-no-retention.yaml
terraform.aws.security.aws-codebuild-project-unencrypted,medium,semgrep/semgrep-rules:terraform/aws/security/aws-codebuild-project-unencrypted.yaml
terraform.aws.security.aws-config-aggregator-not-all-regions,medium,semgrep/semgrep-rules:terraform/aws/security/aws-config-aggregator-not-all-regions.yaml
terraform.aws.security.aws-db-instance-no-logging,medium,semgrep/semgrep-rules:terraform/aws/security/aws-db-instance-no-logging.yaml
terraform.aws.security.aws-dynamodb-table-unencrypted,medium,semgrep/semgrep-rules:terraform/aws/security/aws-dynamodb-table-unencrypted.yaml
terraform.aws.security.aws-ebs-snapshot-encrypted-with-cmk,medium,semgrep/semgrep-rules:terraform/aws/security/aws-ebs-snapshot-encrypted-with-cmk.yaml
terraform.aws.security.aws-ebs-unencrypted,medium,semgrep/semgrep-rules:terraform/aws/security/aws-ebs-unencrypted.yaml
terraform.aws.security.aws-ec2-has-public-ip,medium,semgrep/semgrep-rules:terraform/aws/security/aws-ec2-has-public-ip.yaml
terraform.aws.security.aws-ecr-repository-wildcard-principal,medium,semgrep/semgrep-rules:terraform/aws/security/aws-ecr-repository-wildcard-principal.yaml
terraform.aws.security.aws-elasticsearch-insecure-tls-version,medium,semgrep/semgrep-rules:terraform/aws/security/aws-elasticsearch-insecure-tls-version.yaml
terraform.aws.security.aws-elasticsearch-nodetonode-encryption-not-enabled,medium,semgrep/semgrep-rules:terraform/aws/security/aws-elasticsearch-nodetonode-encryption.yaml
terraform.aws.security.aws-glacier-vault-any-principal,high,semgrep/semgrep-rules:terraform/aws/security/aws-glacier-vault-any-principal.yaml
terraform.aws.security.aws-iam-admin-policy,high,semgrep/semgrep-rules:terraform/aws/security/aws-iam-admin-policy.yaml
terraform.aws.security.aws-iam-admin-policy-ssoadmin,high,semgrep/semgrep-rules:terraform/aws/security/aws-iam-admin-policy-ssoadmin.yaml
terraform.aws.security.aws-insecure-api-gateway-tls-version,medium,semgrep/semgrep-rules:terraform/aws/security/aws-insecure-api-gateway-tls-version.yaml
terraform.aws.security.aws-insecure-cloudfront-distribution-tls-version,medium,semgrep/semgrep-rules:terraform/aws/security/aws-cloudfront-insecure-tls.yaml
terraform.aws.security.aws-insecure-redshift-ssl-configuration,medium,semgrep/semgrep-rules:terraform/aws/security/aws-insecure-redshift-ssl-configuration.yaml
terraform.aws.security.aws-kms-key-wildcard-principal,high,semgrep/semgrep-rules:terraform/aws/security/aws-kms-key-wildcard-principal.yaml
terraform.aws.security.aws-kms-no-rotation,medium,semgrep/semgrep-rules:terraform/aws/security/aws-kms-no-rotation.yaml
terraform.aws.security.aws-lambda-environment-credentials,high,semgrep/semgrep-rules:terraform/aws/security/aws-lambda-environment-credentials.yaml
terraform.aws.security.aws-lambda-permission-unrestricted-source-arn,high,semgrep/semgrep-rules:terraform/aws/security/aws-lambda-permission-unrestricted-source-arn.yaml
terraform.aws.security.aws-opensearchserverless-encrypted-with-cmk,medium,semgrep/semgrep-rules:terraform/aws/security/aws-opensearchserverless-encrypted-with-cmk.yaml
terraform.aws.security.aws-provider-static-credentials,medium,semgrep/semgrep-rules:terraform/aws/security/aws-provider-static-credentials.yaml
terraform.aws.security.aws-provisioner-exec,medium,semgrep/semgrep-rules:terraform/aws/security/aws-provisioner-exec.yaml
terraform.aws.security.aws-rds-backup-no-retention,medium,semgrep/semgrep-rules:terraform/aws/security/aws-rds-backup-no-retention.yaml
terraform.aws.security.aws-sqs-queue-policy-wildcard-action,low,semgrep/semgrep-rules:terraform/aws/security/aws-sqs-queue-policy-wildcard-action.yaml
terraform.aws.security.aws-sqs-queue-policy-wildcard-principal,high,semgrep/semgrep-rules:terraform/aws/security/aws-sqs-queue-policy-wildcard-principal.yaml
terraform.aws.security.insecure-load-balancer-tls-version,medium,semgrep/semgrep-rules:terraform/aws/security/insecure-load-balancer-tls-version.yaml
terraform.aws.security.wildcard-assume-role,high,semgrep/semgrep-rules:terraform/aws/security/wildcard-assume-role.yaml
terraform.azure.security.appservice.appservice-authentication-enabled,high,semgrep/semgrep-rules:terraform/azure/security/appservice/appservice-authentication-enabled.yaml
terraform.azure.security.appservice.appservice-enable-http2,low,semgrep/semgrep-rules:terraform/azure/security/appservice/appservice-enable-http2.yaml
terraform.azure.security.appservice.appservice-enable-https-only,high,semgrep/semgrep-rules:terraform/azure/security/appservice/appservice-enable-https-only.yaml
terraform.azure.security.appservice.appservice-require-client-cert,low,semgrep/semgrep-rules:terraform/azure/security/appservice/appservice-require-client-cert.yaml
terraform.azure.security.appservice.appservice-use-secure-tls-policy,high,semgrep/semgrep-rules:terraform/azure/security/appservice/appservice-use-secure-tls-policy.yaml
terraform.azure.security.appservice.azure-appservice-detailed-errormessages-enabled,medium,semgrep/semgrep-rules:terraform/azure/security/appservice/azure-appservice-detailed-errormessages-enabled.yaml
terraform.azure.security.appservice.azure-appservice-https-only,medium,semgrep/semgrep-rules:terraform/azure/security/appservice/azure-appservice-https-only.yaml
terraform.azure.security.azure-key-no-expiration-date,medium,semgrep/semgrep-rules:terraform/azure/security/azure-key-no-expiration-date.yaml
terraform.azure.security.azure-mssql-service-mintls-version,medium,semgrep/semgrep-rules:terraform/azure/security/azure-mssql-service-mintls-version.yaml
terraform.azure.security.azure-mysql-encryption-enabled,medium,semgrep/semgrep-rules:terraform/azure/security/azure-mysql-encryption-enabled.yaml
terraform.azure.security.azure-mysql-mintls-version,medium,semgrep/semgrep-rules:terraform/azure/security/azure-mysql-mintls-version.yaml
terraform.azure.security.keyvault.keyvault-ensure-key-expires,low,semgrep/semgrep-rules:terraform/azure/security/keyvault/keyvault-ensure-key-expires.yaml
terraform.azure.security.keyvault.keyvault-ensure-secret-expires,low,semgrep/semgrep-rules:terraform/azure/security/keyvault/keyvault-ensure-secret-expires.yaml
terraform.azure.security.keyvault.keyvault-purge-enabled,medium,semgrep/semgrep-rules:terraform/azure/security/keyvault/keyvault-purge-enabled.yaml
terraform.azure.security.storage.storage-enforce-https,medium,semgrep/semgrep-rules:terraform/azure/security/storage/storage-enforce-https.yaml
terraform.azure.security.storage.storage-use-secure-tls-policy,high,semgrep/semgrep-rules:terraform/azure/security/storage/storage-use-secure-tls-policy.yaml
terraform.gcp.security.gcp-cloud-storage-logging,medium,semgrep/semgrep-rules:terraform/gcp/security/gcp-cloud-storage-logging.yaml
terraform.gcp.security.gcp-dns-key-specs-rsasha1,medium,semgrep/semgrep-rules:terraform/gcp/security/gcp-dns-key-specs-rsasha1.yaml
terraform.gcp.security.gcp-sql-database-require-ssl,medium,semgrep/semgrep-rules:terraform/gcp/security/gcp-sql-database-require-ssl.yaml
terraform.gcp.security.gcp-sql-database-ssl-insecure-value-postgres-mysql,medium,semgrep/semgrep-rules:terraform/gcp/security/gcp-sql-database-ssl-insecure-value-postgres-mysql.yaml
terraform.gcp.security.gcp-sql-database-ssl-insecure-value-sqlserver,medium,semgrep/semgrep-rules:terraform/gcp/security/gcp-sql-database-ssl-insecure-value-sqlserver.yaml
terraform.gcp.security.gcp-sql-public-database,medium,semgrep/semgrep-rules:terraform/gcp/security/gcp-sql-public-database.yaml
terraform.lang.security.ec2-imdsv1-optional,high,semgrep/semgrep-rules:terraform/lang/security/ec2-imdsv1-optional.yaml
terraform.lang.security.rds-insecure-password-storage-in-source-code,medium,semgrep/semgrep-rules:terraform/lang/security/rds-insecure-password-storage-in-source-code.yaml
terraform.lang.security.s3-public-rw-bucket,high,semgrep/semgrep-rules:terraform/lang/security/s3-public-rw-bucket.yaml
terraform.lang.security.s3-unencrypted-bucket,low,semgrep/semgrep-rules:terraform/lang/security/s3-unencrypted-bucket.yaml
